text_form,num_type,gender,number,case,suffix,prefix,ending,root
ноль,kolich,-,s,im,-,-,-,ноль
нуль,kolich,-,s,im,-,-,-,нуль
нуля,kolich,-,s,rod,-,-,я,нул
нулю,kolich,-,s,dat,-,-,ю,нул
нулём,kolich,-,s,tvor,-,-,ём,нул
нуле,kolich,-,s,predl,-,-,е,нул
нули,kolich,-,pl,im,-,-,и,нул
нулей,kolich,-,pl,rod,-,-,ей,нул
нулям,kolich,-,pl,dat,-,-,ям,нул
нулями,kolich,-,pl,tvor,-,-,ями,нул
нулях,kolich,-,pl,predl,-,-,ях,нул
нулевой,poryad,-,s,im,ев,-,ой,нул
нулевого,poryad,-,s,rod,ев,-,ого,нул
нулевому,poryad,-,s,dat,ев,-,ому,нул
нулевым,poryad,-,-,tvor,ев,-,ым,нул
нулевом,poryad,-,s,predl,ев,-,ом,нул
нулевая,poryad,f,s,im,ев,-,ая,нул
нулевую,poryad,f,s,vin,ев,-,ую,нул
нулевое,poryad,s,s,im,ев,-,ое,нул
нулевые,poryad,-,pl,im,ев,-,ые,нул
нулевых,poryad,-,pl,rod,ев,-,ых,нул
нулевыми,poryad,-,pl,tvor,ев,-,ыми,нул
раз,poryad,m,s,im,-,-,-,раз
раза,poryad,m,s,rod,-,-,а,раз
разу,poryad,m,s,dat,-,-,у,раз
разом,poryad,m,s,tvor,-,-,ом,раз
разе,poryad,m,s,predl,-,-,е,раз
разы,poryad,-,pl,im,-,-,ы,раз
разов,poryad,-,pl,rod,-,-,ов,раз
разам,poryad,-,pl,dat,-,-,ам,раз
разами,poryad,-,pl,tvor,-,-,ами,раз
разах,poryad,-,pl,predl,-,-,ах,раз
один,kolich,m,s,im,-,-,-,один
одного,kolich,-,s,rod,-,-,ого,одн
одному,kolich,-,s,dat,-,-,ому,одн
одним,kolich,-,-,tvor,-,-,им,одн
одном,kolich,-,s,predl,-,-,ом,одн
одна,kolich,f,s,im,-,-,а,одн
одной,kolich,f,s,rod,-,-,ой,одн
одну,kolich,f,s,vin,-,-,у,одн
одно,kolich,s,s,im,-,-,о,одн
одни,kolich,-,pl,im,-,-,и,одн
одних,kolich,-,pl,rod,-,-,их,одн
одними,kolich,-,pl,tvor,-,-,ими,одн
первый,poryad,-,s,im,-,-,ый,перв
первого,poryad,-,s,rod,-,-,ого,перв
первому,poryad,-,s,dat,-,-,ому,перв
первым,poryad,-,-,tvor,-,-,ым,перв
первом,poryad,-,s,predl,-,-,ом,перв
первая,poryad,f,s,im,-,-,ая,перв
первой,poryad,f,s,rod,-,-,ой,перв
первую,poryad,f,s,vin,-,-,ую,перв
первое,poryad,s,s,im,-,-,ое,перв
первые,poryad,-,pl,im,-,-,ые,перв
первых,poryad,-,pl,rod,-,-,ых,перв
первыми,poryad,-,pl,tvor,-,-,ыми,перв
два,kolich,m,-,im,-,-,а,дв
двух,kolich,-,-,rod,-,-,ух,дв
двум,kolich,-,-,dat,-,-,ум,дв
двумя,kolich,-,-,tvor,-,-,умя,дв
две,kolich,f,-,im,-,-,е,дв
двое,kolich,m,-,im,о,-,е,дв
двоих,kolich,m,-,rod,о,-,их,дв
двоим,kolich,m,-,dat,о,-,им,дв
двоими,kolich,m,-,tvor,о,-,ими,дв
второй,poryad,-,s,im,-,-,ой,втор
второго,poryad,-,s,rod,-,-,ого,втор
второму,poryad,-,s,dat,-,-,ому,втор
вторым,poryad,-,-,tvor,-,-,ым,втор
втором,poryad,-,s,predl,-,-,ом,втор
вторая,poryad,f,s,im,-,-,ая,втор
вторую,poryad,f,s,vin,-,-,ую,втор
второе,poryad,s,s,im,-,-,ое,втор
вторые,poryad,-,pl,im,-,-,ые,втор
вторых,poryad,-,pl,rod,-,-,ых,втор
вторыми,poryad,-,pl,tvor,-,-,ыми,втор
три,kolich,-,-,im,-,-,и,тр
трёх,kolich,-,-,rod,-,-,ёх,тр
трём,kolich,-,-,dat,-,-,ём,тр
тремя,kolich,-,-,tvor,-,-,емя,тр
трое,kolich,m,-,im,о,-,е,тр
троих,kolich,m,-,rod,о,-,их,тр
троим,kolich,m,-,dat,о,-,им,тр
троими,kolich,m,-,tvor,о,-,ими,тр
третий,poryad,m,s,im,ет,-,ий,тр
третьего,poryad,m,s,rod,еть,-,его,тр
третьему,poryad,-,s,dat,еть,-,ему,тр
третьим,poryad,-,-,tvor,еть,-,им,тр
третьем,poryad,-,s,predl,еть,-,ем,тр
третья,poryad,f,s,im,еть,-,я,тр
третьей,poryad,f,s,rod,еть,-,ей,тр
третью,poryad,f,s,vin,еть,-,ю,тр
третье,poryad,s,s,im,еть,-,е,тр
третьи,poryad,-,pl,im,еть,-,и,тр
третьих,poryad,-,pl,rod,еть,-,их,тр
третьими,poryad,-,pl,tvor,еть,-,ими,тр
четыре,kolich,-,-,im,-,-,е,четыр
четырёх,kolich,-,-,rod,-,-,ёх,четыр
четырём,kolich,-,-,dat,-,-,ём,четыр
четырьмя,kolich,-,-,tvor,-,-,мя,четырь
четверо,kolich,m,-,im,вер,-,о,чет
четверых,kolich,m,-,rod,вер,-,ых,чет
четверым,kolich,m,-,dat,вер,-,ым,чет
четверыми,kolich,m,-,tvor,вер,-,ыми,чет
четвёртый,poryad,m,s,im,вёрт,-,ый,чет
четвёртого,poryad,-,s,rod,вёрт,-,ого,чет
четвёртому,poryad,-,s,dat,вёрт,-,ому,чет
четвёртым,poryad,-,-,tvor,вёрт,-,ым,чет
четвёртом,poryad,-,s,predl,вёрт,-,ом,чет
четвёртая,poryad,f,s,im,вёрт,-,ая,чет
четвертой,poryad,f,s,rod,вёрт,-,ой,чет
четвёртую,poryad,f,s,vin,вёрт,-,ую,чет
четвёртое,poryad,s,s,im,вёрт,-,ое,чет
четвёртые,poryad,-,pl,im,вёрт,-,ые,чет
четвёртых,poryad,-,pl,rod,вёрт,-,ых,чет
четвёртыми,poryad,-,pl,tvor,вёрт,-,ыми,чет
пять,kolich,-,-,im,-,-,-,пять
пяти,kolich,-,-,rod,-,-,и,пят
пятью,kolich,-,-,tvor,-,-,ю,пять
пятеро,kolich,m,-,im,ер,-,о,пят
пятерых,kolich,m,-,rod,ер,-,ых,пят
пятерым,kolich,m,-,dat,ер,-,ым,пят
пятерыми,kolich,m,-,tvor,ер,-,ыми,пят
пятый,poryad,m,s,im,-,-,ый,пят
пятого,poryad,-,s,rod,-,-,ого,пят
пятому,poryad,-,s,dat,-,-,ому,пят
пятым,poryad,-,-,tvor,-,-,ым,пят
пятом,poryad,-,s,predl,-,-,ом,пят
пятая,poryad,f,s,im,-,-,ая,пят
пятой,poryad,f,s,rod,-,-,ой,пят
пятую,poryad,f,s,vin,-,-,ую,пят
пятое,poryad,s,s,im,-,-,ое,пят
пятые,poryad,-,pl,im,-,-,ые,пят
пятых,poryad,-,pl,rod,-,-,ых,пят
пятыми,poryad,-,pl,tvor,-,-,ыми,пят
шесть,kolich,-,-,im,-,-,-,шесть
шести,kolich,-,-,rod,-,-,и,шест
шестью,kolich,-,-,tvor,-,-,ю,шесть
шестеро,kolich,m,-,im,ер,-,о,шест
шестерых,kolich,m,-,rod,ер,-,ых,шест
шестерым,kolich,m,-,dat,ер,-,ым,шест
шестерыми,kolich,m,-,tvor,ер,-,ыми,шест
шестой,poryad,-,s,im,-,-,ой,шест
шестого,poryad,-,s,rod,-,-,ого,шест
шестому,poryad,-,s,dat,-,-,ому,шест
шестым,poryad,-,-,tvor,-,-,ым,шест
шестом,poryad,-,s,predl,-,-,ом,шест
шестая,poryad,f,s,im,-,-,ая,шест
шестую,poryad,f,s,vin,-,-,ую,шест
шестое,poryad,s,s,im,-,-,ое,шест
шестые,poryad,-,pl,im,-,-,ые,шест
шестых,poryad,-,pl,rod,-,-,ых,шест
шестыми,poryad,-,pl,tvor,-,-,ыми,шест
семь,kolich,-,-,im,-,-,-,семь
семи,kolich,-,-,rod,-,-,и,сем
семеро,kolich,m,-,im,ер,-,о,сем
семерых,kolich,m,-,rod,ер,-,ых,сем
семерым,kolich,m,-,dat,ер,-,ым,сем
семерыми,kolich,m,-,tvor,ер,-,ыми,сем
седьмой,poryad,-,s,im,-,-,ой,седьм
седьмого,poryad,-,s,rod,-,-,ого,седьм
седьмому,poryad,-,s,dat,-,-,ому,седьм
седьмым,poryad,-,-,tvor,-,-,ым,седьм
седьмом,poryad,-,s,predl,-,-,ом,седьм
седьмая,poryad,f,s,im,-,-,ая,седьм
седьмую,poryad,f,s,vin,-,-,ую,седьм
седьмое,poryad,s,s,im,-,-,ое,седьм
седьмые,poryad,-,pl,im,-,-,ые,седьм
седьмых,poryad,-,pl,rod,-,-,ых,седьм
седьмыми,poryad,-,pl,tvor,-,-,ыми,седьм
восемь,kolich,-,-,im,-,-,-,восемь
восьми,kolich,-,-,rod,-,-,и,восмь
восемью,kolich,-,-,tvor,-,-,ю,восемь
восьмеро,kolich,m,-,im,ер,-,о,восьм
весьмерых,kolich,m,-,rod,ер,-,ых,восьм
восьмерым,kolich,m,-,dat,ер,-,ым,восьм
восьмерыми,kolich,m,-,tvor,ер,-,ыми,восьм
восьмой,poryad,-,s,im,-,-,ой,восьм
восьмого,poryad,-,s,rod,-,-,ого,восьм
восьмому,poryad,-,s,dat,-,-,ому,восьм
восьмым,poryad,-,-,tvor,-,-,ым,восьм
восьмом,poryad,-,s,predl,-,-,ом,восьм
восьмая,poryad,f,s,im,-,-,ая,восьм
восьмую,poryad,f,s,vin,-,-,ую,восьм
восьмое,poryad,s,s,im,-,-,ое,восьм
восьмые,poryad,-,pl,im,-,-,ые,восьм
восьмых,poryad,-,pl,rod,-,-,ых,восьм
восьмыми,poryad,-,pl,tvor,-,-,ыми,восьм
девять,kolich,-,-,im,-,-,-,девять
девяти,kolich,-,-,rod,-,-,и,девят
девятью,kolich,-,-,tvor,-,-,ю,девять
девятеро,kolich,m,-,im,ер,-,о,девят
девятерых,kolich,m,-,rod,ер,-,ых,девят
девятерым,kolich,m,-,dat,ер,-,ым,девят
девятерыми,kolich,m,-,tvor,ер,-,ыми,девят
девятый,poryad,m,s,im,-,-,ый,девят
девятого,poryad,-,s,rod,-,-,ого,девят
девятому,poryad,-,s,dat,-,-,ому,девят
девятым,poryad,-,-,tvor,-,-,ым,девят
девятом,poryad,-,s,predl,-,-,ом,девят
девятая,poryad,f,s,im,-,-,ая,девят
девятой,poryad,f,s,rod,-,-,ой,девят
девятую,poryad,f,s,vin,-,-,ую,девят
девятое,poryad,s,s,im,-,-,ое,девят
девятые,poryad,-,pl,im,-,-,ые,девят
девятых,poryad,-,pl,rod,-,-,ых,девят
девятыми,poryad,-,pl,tvor,-,-,ыми,девят
десять,kolich,-,-,im,-,-,-,десять
десяти,kolich,-,-,rod,-,-,и,десят
десятью,kolich,-,-,tvor,-,-,ю,десять
десятеро,kolich,m,-,im,ер,-,о,десят
десятерых,kolich,m,-,rod,ер,-,ых,десят
десятерым,kolich,m,-,dat,ер,-,ым,десят
десятерыми,kolich,m,-,tvor,ер,-,ыми,десят
десятый,poryad,m,s,im,-,-,ый,десят
десятого,poryad,-,s,rod,-,-,ого,десят
десятому,poryad,-,s,dat,-,-,ому,десят
десятым,poryad,-,-,tvor,-,-,ым,десят
десятом,poryad,-,s,predl,-,-,ом,десят
десятая,poryad,f,s,im,-,-,ая,десят
десятой,poryad,f,s,rod,-,-,ой,десят
десятую,poryad,f,s,vin,-,-,ую,десят
десятое,poryad,s,s,im,-,-,ое,десят
десятые,poryad,-,pl,im,-,-,ые,десят
десятых,poryad,-,pl,rod,-,-,ых,десят
десятыми,poryad,-,pl,tvor,-,-,ыми,десят
одиннадцать,kolich,-,-,im,-,-,-,одиннадцать
одиннадцати,kolich,-,-,rod,-,-,и,одиннадцат
одиннадцатью,kolich,-,-,tvor,-,-,ю,одиннадцать
одиннадцатый,poryad,m,s,im,-,-,ый,одиннадцат
одиннадцатого,poryad,-,s,rod,-,-,ого,одиннадцат
одиннадцатому,poryad,-,s,dat,-,-,ому,одиннадцат
одиннадцатым,poryad,-,-,tvor,-,-,ым,одиннадцат
одиннадцатом,poryad,-,s,predl,-,-,ом,одиннадцат
одиннадцатая,poryad,f,s,im,-,-,ая,одиннадцат
одиннадцатой,poryad,f,s,rod,-,-,ой,одиннадцат
одиннадцатую,poryad,f,s,vin,-,-,ую,одиннадцат
одиннадцатое,poryad,s,s,im,-,-,ое,одиннадцат
одиннадцатые,poryad,-,pl,im,-,-,ые,одиннадцат
одиннадцатых,poryad,-,pl,rod,-,-,ых,одиннадцат
одиннадцатыми,poryad,-,pl,tvor,-,-,ыми,одиннадцат
двенадцать,kolich,-,-,im,-,-,-,двенадцать
двенадцати,kolich,-,-,rod,-,-,и,двенадцат
двенадцатью,kolich,-,-,tvor,-,-,ю,двенадцать
двенадцатый,poryad,m,s,im,-,-,ый,двенадцат
двенадцатого,poryad,-,s,rod,-,-,ого,двенадцат
двенадцатому,poryad,-,s,dat,-,-,ому,двенадцат
двенадцатым,poryad,-,-,tvor,-,-,ым,двенадцат
двенадцатом,poryad,-,s,predl,-,-,ом,двенадцат
двенадцатая,poryad,f,s,im,-,-,ая,двенадцат
двенадцатой,poryad,f,s,rod,-,-,ой,двенадцат
двенадцатую,poryad,f,s,vin,-,-,ую,двенадцат
двенадцатое,poryad,s,s,im,-,-,ое,двенадцат
двенадцатые,poryad,-,pl,im,-,-,ые,двенадцат
двенадцатых,poryad,-,pl,rod,-,-,ых,двенадцат
двенадцатыми,poryad,-,pl,tvor,-,-,ыми,двенадцат
тринадцать,kolich,-,-,im,-,-,-,тринадцать
тринадцати,kolich,-,-,rod,-,-,и,тринадцат
тринадцатью,kolich,-,-,tvor,-,-,ю,тринадцать
тринадцатый,poryad,m,s,im,-,-,ый,тринадцат
тринадцатого,poryad,-,s,rod,-,-,ого,тринадцат
тринадцатому,poryad,-,s,dat,-,-,ому,тринадцат
тринадцатым,poryad,-,-,tvor,-,-,ым,тринадцат
тринадцатом,poryad,-,s,predl,-,-,ом,тринадцат
тринадцатая,poryad,f,s,im,-,-,ая,тринадцат
тринадцатой,poryad,f,s,rod,-,-,ой,тринадцат
тринадцатую,poryad,f,s,vin,-,-,ую,тринадцат
тринадцатое,poryad,s,s,im,-,-,ое,тринадцат
тринадцатые,poryad,-,pl,im,-,-,ые,тринадцат
тринадцатых,poryad,-,pl,rod,-,-,ых,тринадцат
тринадцатыми,poryad,-,pl,tvor,-,-,ыми,тринадцат
четырнадцать,kolich,-,-,im,-,-,-,четырнадцать
четырнадцати,kolich,-,-,rod,-,-,и,четырнадцат
четырнадцатью,kolich,-,-,tvor,-,-,ю,четырнадцать
четырнадцатый,poryad,m,s,im,-,-,ый,четырнадцат
четырнадцатого,poryad,-,s,rod,-,-,ого,четырнадцат
четырнадцатому,poryad,-,s,dat,-,-,ому,четырнадцат
четырнадцатым,poryad,-,-,tvor,-,-,ым,четырнадцат
четырнадцатом,poryad,-,s,predl,-,-,ом,четырнадцат
четырнадцатая,poryad,f,s,im,-,-,ая,четырнадцат
четырнадцатой,poryad,f,s,rod,-,-,ой,четырнадцат
четырнадцатую,poryad,f,s,vin,-,-,ую,четырнадцат
четырнадцатое,poryad,s,s,im,-,-,ое,четырнадцат
четырнадцатые,poryad,-,pl,im,-,-,ые,четырнадцат
четырнадцатых,poryad,-,pl,rod,-,-,ых,четырнадцат
четырнадцатыми,poryad,-,pl,tvor,-,-,ыми,четырнадцат
пятнадцать,kolich,-,-,im,-,-,-,пятнадцать
пятнадцати,kolich,-,-,rod,-,-,и,пятнадцат
пятнадцатью,kolich,-,-,tvor,-,-,ю,пятнадцать
пятнадцатый,poryad,m,s,im,-,-,ый,пятнадцат
пятнадцатого,poryad,-,s,rod,-,-,ого,пятнадцат
пятнадцатому,poryad,-,s,dat,-,-,ому,пятнадцат
пятнадцатым,poryad,-,-,tvor,-,-,ым,пятнадцат
пятнадцатом,poryad,-,s,predl,-,-,ом,пятнадцат
пятнадцатая,poryad,f,s,im,-,-,ая,пятнадцат
пятнадцатой,poryad,f,s,rod,-,-,ой,пятнадцат
пятнадцатую,poryad,f,s,vin,-,-,ую,пятнадцат
пятнадцатое,poryad,s,s,im,-,-,ое,пятнадцат
пятнадцатые,poryad,-,pl,im,-,-,ые,пятнадцат
пятнадцатых,poryad,-,pl,rod,-,-,ых,пятнадцат
пятнадцатыми,poryad,-,pl,tvor,-,-,ыми,пятнадцат
шестнадцать,kolich,-,-,im,-,-,-,шестнадцать
шестнадцати,kolich,-,-,rod,-,-,и,шестнадцат
шестнадцатью,kolich,-,-,tvor,-,-,ю,шестнадцать
шестнадцатый,poryad,m,s,im,-,-,ый,шестнадцат
шестнадцатого,poryad,-,s,rod,-,-,ого,шестнадцат
шестнадцатому,poryad,-,s,dat,-,-,ому,шестнадцат
шестнадцатым,poryad,-,-,tvor,-,-,ым,шестнадцат
шестнадцатом,poryad,-,s,predl,-,-,ом,шестнадцат
шестнадцатая,poryad,f,s,im,-,-,ая,шестнадцат
шестнадцатой,poryad,f,s,rod,-,-,ой,шестнадцат
шестнадцатую,poryad,f,s,vin,-,-,ую,шестнадцат
шестнадцатое,poryad,s,s,im,-,-,ое,шестнадцат
шестнадцатые,poryad,-,pl,im,-,-,ые,шестнадцат
шестнадцатых,poryad,-,pl,rod,-,-,ых,шестнадцат
шестнадцатыми,poryad,-,pl,tvor,-,-,ыми,шестнадцат
семнадцать,kolich,-,-,im,-,-,-,семнадцать
семнадцати,kolich,-,-,rod,-,-,и,семнадцат
семнадцатью,kolich,-,-,tvor,-,-,ю,семнадцать
семнадцатый,poryad,m,s,im,-,-,ый,семнадцат
семнадцатого,poryad,-,s,rod,-,-,ого,семнадцат
семнадцатому,poryad,-,s,dat,-,-,ому,семнадцат
семнадцатым,poryad,-,-,tvor,-,-,ым,семнадцат
семнадцатом,poryad,-,s,predl,-,-,ом,семнадцат
семнадцатая,poryad,f,s,im,-,-,ая,семнадцат
семнадцатой,poryad,f,s,rod,-,-,ой,семнадцат
семнадцатую,poryad,f,s,vin,-,-,ую,семнадцат
семнадцатое,poryad,s,s,im,-,-,ое,семнадцат
семнадцатые,poryad,-,pl,im,-,-,ые,семнадцат
семнадцатых,poryad,-,pl,rod,-,-,ых,семнадцат
семнадцатыми,poryad,-,pl,tvor,-,-,ыми,семнадцат
восемнадцать,kolich,-,-,im,-,-,-,восемнадцать
восемнадцати,kolich,-,-,rod,-,-,и,восемнадцат
восемнадцатью,kolich,-,-,tvor,-,-,ю,восемнадцать
восемнадцатый,poryad,m,s,im,-,-,ый,восемнадцат
восемнадцатого,poryad,-,s,rod,-,-,ого,восемнадцат
восемнадцатому,poryad,-,s,dat,-,-,ому,восемнадцат
восемнадцатым,poryad,-,-,tvor,-,-,ым,восемнадцат
восемнадцатом,poryad,-,s,predl,-,-,ом,восемнадцат
восемнадцатая,poryad,f,s,im,-,-,ая,восемнадцат
восемнадцатой,poryad,f,s,rod,-,-,ой,восемнадцат
восемнадцатую,poryad,f,s,vin,-,-,ую,восемнадцат
восемнадцатое,poryad,s,s,im,-,-,ое,восемнадцат
восемнадцатые,poryad,-,pl,im,-,-,ые,восемнадцат
восемнадцатых,poryad,-,pl,rod,-,-,ых,восемнадцат
восемнадцатыми,poryad,-,pl,tvor,-,-,ыми,восемнадцат
девятнадцать,kolich,-,-,im,-,-,-,девятнадцать
девятнадцати,kolich,-,-,rod,-,-,и,девятнадцат
девятнадцатью,kolich,-,-,tvor,-,-,ю,девятнадцать
девятнадцатый,poryad,m,s,im,-,-,ый,девятнадцат
девятнадцатого,poryad,-,s,rod,-,-,ого,девятнадцат
девятнадцатому,poryad,-,s,dat,-,-,ому,девятнадцат
девятнадцатым,poryad,-,-,tvor,-,-,ым,девятнадцат
девятнадцатом,poryad,-,s,predl,-,-,ом,девятнадцат
девятнадцатая,poryad,f,s,im,-,-,ая,девятнадцат
девятнадцатой,poryad,f,s,rod,-,-,ой,девятнадцат
девятнадцатую,poryad,f,s,vin,-,-,ую,девятнадцат
девятнадцатое,poryad,s,s,im,-,-,ое,девятнадцат
девятнадцатые,poryad,-,pl,im,-,-,ые,девятнадцат
девятнадцатых,poryad,-,pl,rod,-,-,ых,девятнадцат
девятнадцатыми,poryad,-,pl,tvor,-,-,ыми,девятнадцат
двадцать,kolich,-,-,im,-,-,-,двадцать
двадцати,kolich,-,-,rod,-,-,и,двадцат
двадцатью,kolich,-,-,tvor,-,-,ю,двадцать
двадцатый,poryad,m,s,im,-,-,ый,двадцат
двадцатого,poryad,-,s,rod,-,-,ого,двадцат
двадцатому,poryad,-,s,dat,-,-,ому,двадцат
двадцатым,poryad,-,-,tvor,-,-,ым,двадцат
двадцатом,poryad,-,s,predl,-,-,ом,двадцат
двадцатая,poryad,f,s,im,-,-,ая,двадцат
двадцатой,poryad,f,s,rod,-,-,ой,двадцат
двадцатую,poryad,f,s,vin,-,-,ую,двадцат
двадцатое,poryad,s,s,im,-,-,ое,двадцат
двадцатые,poryad,-,pl,im,-,-,ые,двадцат
двадцатых,poryad,-,pl,rod,-,-,ых,двадцат
двадцатыми,poryad,-,pl,tvor,-,-,ыми,двадцат
тридцать,kolich,-,-,im,-,-,-,тридцать
тридцати,kolich,-,-,rod,-,-,и,тридцат
тридцатью,kolich,-,-,tvor,-,-,ю,тридцать
тридцатый,poryad,m,s,im,-,-,ый,тридцат
тридцатого,poryad,-,s,rod,-,-,ого,тридцат
тридцатому,poryad,-,s,dat,-,-,ому,тридцат
тридцатым,poryad,-,-,tvor,-,-,ым,тридцат
тридцатом,poryad,-,s,predl,-,-,ом,тридцат
тридцатая,poryad,f,s,im,-,-,ая,тридцат
тридцатой,poryad,f,s,rod,-,-,ой,тридцат
тридцатую,poryad,f,s,vin,-,-,ую,тридцат
тридцатое,poryad,s,s,im,-,-,ое,тридцат
тридцатые,poryad,-,pl,im,-,-,ые,тридцат
тридцатых,poryad,-,pl,rod,-,-,ых,тридцат
тридцатыми,poryad,-,pl,tvor,-,-,ыми,тридцат
сорок,kolich,-,-,im,-,-,-,сорок
сорока,kolich,-,-,rod,-,-,а,сорок
сороковой,poryad,-,s,im,ов,-,ой,сорок
сорокового,poryad,-,s,rod,ов,-,ого,сорок
сороковому,poryad,-,s,dat,ов,-,ому,сорок
сороковым,poryad,-,-,tvor,ов,-,ым,сорок
сороковом,poryad,-,s,predl,ов,-,ом,сорок
сороковая,poryad,f,s,im,ов,-,ая,сорок
сороковую,poryad,f,s,vin,ов,-,ую,сорок
сороковое,poryad,s,s,im,ов,-,ое,сорок
сороковые,poryad,-,pl,im,ов,-,ые,сорок
сороковых,poryad,-,pl,rod,ов,-,ых,сорок
сороковыми,poryad,-,pl,tvor,ов,-,ыми,сорок
пятьдесят,kolich,-,-,im,-,-,-,пятьдесят
пятидесяти,kolich,-,-,rod,-,-,и,пятидесят
пятьюдесятью,kolich,-,-,tvor,-,-,ю,пятьюдесять
пятидесятый,poryad,m,s,im,-,-,ый,пятидесят
пятидесятого,poryad,-,s,rod,-,-,ого,пятидесят
пятидесятому,poryad,-,s,dat,-,-,ому,пятидесят
пятидесятым,poryad,-,-,tvor,-,-,ым,пятидесят
пятидесятом,poryad,-,s,predl,-,-,ом,пятидесят
пятидесятая,poryad,f,s,im,-,-,ая,пятидесят
пятидесятой,poryad,f,s,rod,-,-,ой,пятидесят
пятидесятую,poryad,f,s,vin,-,-,ую,пятидесят
пятидесятое,poryad,s,s,im,-,-,ое,пятидесят
пятидесятые,poryad,-,pl,im,-,-,ые,пятидесят
пятидесятых,poryad,-,pl,rod,-,-,ых,пятидесят
пятидесятыми,poryad,-,pl,tvor,-,-,ыми,пятидесят
шестьдесят,kolich,-,-,im,-,-,-,шестьдесят
шестидесяти,kolich,-,-,rod,-,-,и,шестидесят
шестьюдесятью,kolich,-,-,tvor,-,-,ю,шестьюдесять
шестидесятый,poryad,m,s,im,-,-,ый,шестидесят
шестидесятого,poryad,-,s,rod,-,-,ого,шестидесят
шестидесятому,poryad,-,s,dat,-,-,ому,шестидесят
шестидесятым,poryad,-,-,tvor,-,-,ым,шестидесят
шестидесятом,poryad,-,s,predl,-,-,ом,шестидесят
шестидесятая,poryad,f,s,im,-,-,ая,шестидесят
шестидесятой,poryad,f,s,rod,-,-,ой,шестидесят
шестидесятую,poryad,f,s,vin,-,-,ую,шестидесят
шестидесятое,poryad,s,s,im,-,-,ое,шестидесят
шестидесятые,poryad,-,pl,im,-,-,ые,шестидесят
шестидесятых,poryad,-,pl,rod,-,-,ых,шестидесят
шестидесятыми,poryad,-,pl,tvor,-,-,ыми,шестидесят
семьдесят,kolich,-,-,im,-,-,-,семьдесят
семидесяти,kolich,-,-,rod,-,-,и,семидесят
семьюдесятью,kolich,-,-,tvor,-,-,ю,семьюдесять
семидесятый,poryad,m,s,im,-,-,ый,семидесят
семидесятого,poryad,-,s,rod,-,-,ого,семидесят
семидесятому,poryad,-,s,dat,-,-,ому,семидесят
семидесятым,poryad,-,-,tvor,-,-,ым,семидесят
семидесятом,poryad,-,s,predl,-,-,ом,семидесят
семидесятая,poryad,f,s,im,-,-,ая,семидесят
семидесятой,poryad,f,s,rod,-,-,ой,семидесят
семидесятую,poryad,f,s,vin,-,-,ую,семидесят
семидесятое,poryad,s,s,im,-,-,ое,семидесят
семидесятые,poryad,-,pl,im,-,-,ые,семидесят
семидесятых,poryad,-,pl,rod,-,-,ых,семидесят
семидесятыми,poryad,-,pl,tvor,-,-,ыми,семидесят
восемьдесят,kolich,-,-,im,-,-,-,восемьдесят
восьмидесяти,kolich,-,-,rod,-,-,и,восьмидесят
восьмьюдесятью,kolich,-,-,tvor,-,-,ю,восьмьюдесять
восьмидесятый,poryad,m,s,im,-,-,ый,восьмидесят
восьмидесятого,poryad,-,s,rod,-,-,ого,восьмидесят
восьмидесятому,poryad,-,s,dat,-,-,ому,восьмидесят
восьмидесятым,poryad,-,-,tvor,-,-,ым,восьмидесят
восьмидесятом,poryad,-,s,predl,-,-,ом,восьмидесят
восьмидесятая,poryad,f,s,im,-,-,ая,восьмидесят
восьмидесятой,poryad,f,s,rod,-,-,ой,восьмидесят
восьмидесятую,poryad,f,s,vin,-,-,ую,восьмидесят
восьмидесятое,poryad,s,s,im,-,-,ое,восьмидесят
восьмидесятые,poryad,-,pl,im,-,-,ые,восьмидесят
восьмидесятых,poryad,-,pl,rod,-,-,ых,восьмидесят
восьмидесятыми,poryad,-,pl,tvor,-,-,ыми,восьмидесят
девяносто,kolich,-,-,im,-,-,о,девяност
девяноста,kolich,-,-,rod,-,-,а,девяност
девяностый,poryad,m,s,im,-,-,ый,девяност
девяностого,poryad,-,s,rod,-,-,ого,девяност
девяностому,poryad,-,s,dat,-,-,ому,девяност
девяностым,poryad,-,-,tvor,-,-,ым,девяност
девяностом,poryad,-,s,predl,-,-,ом,девяност
девяностая,poryad,f,s,im,-,-,ая,девяност
девяностой,poryad,f,s,rod,-,-,ой,девяност
девяностую,poryad,f,s,vin,-,-,ую,девяност
девяностое,poryad,s,s,im,-,-,ое,девяност
девяностые,poryad,-,pl,im,-,-,ые,девяност
девяностых,poryad,-,pl,rod,-,-,ых,девяност
девяностыми,poryad,-,pl,tvor,-,-,ыми,девяност
сто,kolich,-,-,im,-,-,о,ст
ста,kolich,-,-,rod,-,-,а,ст
сот,kolich,-,pl,rod,-,-,-,сот
стам,kolich,-,pl,dat,-,-,ам,ст
стами,kolich,-,-,tvor,-,-,ами,ст
стах,kolich,-,-,predl,-,-,ах,ст
сотый,poryad,m,s,im,-,-,ый,сот
сотого,poryad,-,s,rod,-,-,ого,сот
сотому,poryad,-,s,dat,-,-,ому,сот
сотым,poryad,-,-,tvor,-,-,ым,сот
сотом,poryad,-,s,predl,-,-,ом,сот
сотая,poryad,f,s,im,-,-,ая,сот
сотой,poryad,f,s,rod,-,-,ой,сот
сотую,poryad,f,s,vin,-,-,ую,сот
сотое,poryad,s,s,im,-,-,ое,сот
сотые,poryad,-,pl,im,-,-,ые,сот
сотых,poryad,-,pl,rod,-,-,ых,сот
сотыми,poryad,-,pl,tvor,-,-,ыми,сот
сотня,kolich,f,s,im,н,-,я,сот
сотни,kolich,-,-,rod,н,-,и,сот
сотне,kolich,f,s,dat,н,-,е,сот
сотней,kolich,f,s,tvor,н,-,ей,сот
сотен,kolich,-,pl,rod,ен,-,-,сот
сотням,kolich,-,pl,dat,н,-,ям,сот
сотнями,kolich,-,pl,tvor,н,-,ями,сот
сотнях,kolich,-,pl,predl,н,-,ях,сот
двести,kolich,-,-,im,-,-,и,двест
двухсот,kolich,-,-,rod,-,-,-,двухсот
двумстам,kolich,-,-,dat,-,-,ам,двумст
двумястами,kolich,-,-,tvor,-,-,ами,двумст
двухстах,kolich,-,-,predl,-,-,ах,двумст
двухсотый,poryad,m,s,im,-,-,ый,двухсот
двухсотого,poryad,-,s,rod,-,-,ого,двухсот
двухсотому,poryad,-,s,dat,-,-,ому,двухсот
двухсотым,poryad,-,-,tvor,-,-,ым,двухсот
двухсотом,poryad,-,s,predl,-,-,ом,двухсот
двухсотая,poryad,f,s,im,-,-,ая,двухсот
двухсотой,poryad,f,s,rod,-,-,ой,двухсот
двухсотую,poryad,f,s,vin,-,-,ую,двухсот
двухсотое,poryad,s,s,im,-,-,ое,двухсот
двухсотые,poryad,-,pl,im,-,-,ые,двухсот
двухсотых,poryad,-,pl,rod,-,-,ых,двухсот
двухсотыми,poryad,-,pl,tvor,-,-,ыми,двухсот
триста,kolich,-,-,im,-,-,а,трист
трёхсот,kolich,-,-,rod,-,-,-,трёхсот
трёмстам,kolich,-,-,dat,-,-,ам,трёмст
трёмястами,kolich,-,-,tvor,-,-,ами,трёмяст
трёхстах,kolich,-,-,predl,-,-,ах,трёхст
трёхсотый,poryad,m,s,im,-,-,ый,трёхсот
трёхсотого,poryad,-,s,rod,-,-,ого,трёхсот
трёхсотому,poryad,-,s,dat,-,-,ому,трёхсот
трёхсотым,poryad,-,-,tvor,-,-,ым,трёхсот
трёхсотом,poryad,-,s,predl,-,-,ом,трёхсот
трёхсотая,poryad,f,s,im,-,-,ая,трёхсот
трёхсотой,poryad,f,s,rod,-,-,ой,трёхсот
трёхсотую,poryad,f,s,vin,-,-,ую,трёхсот
трёхсотое,poryad,s,s,im,-,-,ое,трёхсот
трёхсотые,poryad,-,pl,im,-,-,ые,трёхсот
трёхсотых,poryad,-,pl,rod,-,-,ых,трёхсот
трёхсотыми,poryad,-,pl,tvor,-,-,ыми,трёхсот
четыреста,kolich,-,-,im,-,-,а,четырест
четырёхсот,kolich,-,-,rod,-,-,-,четырёхсот
четырёмстам,kolich,-,-,dat,-,-,ам,четырёмст
четырьмястами,kolich,-,-,tvor,-,-,ами,четырьмяст
четырёхстах,kolich,-,-,predl,-,-,ах,четырёхст
четырёхсотый,poryad,m,s,im,-,-,ый,четырёхсот
четырёхсотого,poryad,-,s,rod,-,-,ого,четырёхсот
четырёхсотому,poryad,-,s,dat,-,-,ому,четырёхсот
четырёхсотым,poryad,-,-,tvor,-,-,ым,четырёхсот
четырёхсотом,poryad,-,s,predl,-,-,ом,четырёхсот
четырёхсотая,poryad,f,s,im,-,-,ая,четырёхсот
четырёхсотой,poryad,f,s,rod,-,-,ой,четырёхсот
четырёхсотую,poryad,f,s,vin,-,-,ую,четырёхсот
четырёхсотое,poryad,s,s,im,-,-,ое,четырёхсот
четырёхсотые,poryad,-,pl,im,-,-,ые,четырёхсот
четырёхсотых,poryad,-,pl,rod,-,-,ых,четырёхсот
четырёхсотыми,poryad,-,pl,tvor,-,-,ыми,четырёхсот
пятьсот,kolich,-,-,im,-,-,-,пятьсот
пятисот,kolich,-,-,rod,-,-,-,пятисот
пятистам,kolich,-,-,dat,-,-,ам,пятист
пятьюстами,kolich,-,-,tvor,-,-,ами,пятьюст
пятистах,kolich,-,-,predl,-,-,ах,пятист
пятисотый,poryad,m,s,im,-,-,ый,пятисот
пятисотого,poryad,-,s,rod,-,-,ого,пятисот
пятисотому,poryad,-,s,dat,-,-,ому,пятисот
пятисотым,poryad,-,-,tvor,-,-,ым,пятисот
пятисотом,poryad,-,s,predl,-,-,ом,пятисот
пятисотая,poryad,f,s,im,-,-,ая,пятисот
пятисотой,poryad,f,s,rod,-,-,ой,пятисот
пятисотую,poryad,f,s,vin,-,-,ую,пятисот
пятисотое,poryad,s,s,im,-,-,ое,пятисот
пятисотые,poryad,-,pl,im,-,-,ые,пятисот
пятисотых,poryad,-,pl,rod,-,-,ых,пятисот
пятисотыми,poryad,-,pl,tvor,-,-,ыми,пятисот
шестьсот,kolich,-,-,im,-,-,-,шестьсот
шестисот,kolich,-,-,rod,-,-,-,шестисот
шестистам,kolich,-,-,dat,-,-,ам,шестист
шестьюстами,kolich,-,-,tvor,-,-,ами,шестьюст
шестистах,kolich,-,-,predl,-,-,ах,шестист
шестисотый,poryad,m,s,im,-,-,ый,шестисот
шестисотого,poryad,-,s,rod,-,-,ого,шестисот
шестисотому,poryad,-,s,dat,-,-,ому,шестисот
шестисотым,poryad,-,-,tvor,-,-,ым,шестисот
шестисотом,poryad,-,s,predl,-,-,ом,шестисот
шестисотая,poryad,f,s,im,-,-,ая,шестисот
шестисотой,poryad,f,s,rod,-,-,ой,шестисот
шестисотую,poryad,f,s,vin,-,-,ую,шестисот
шестисотое,poryad,s,s,im,-,-,ое,шестисот
шестисотые,poryad,-,pl,im,-,-,ые,шестисот
шестисотых,poryad,-,pl,rod,-,-,ых,шестисот
шестисотыми,poryad,-,pl,tvor,-,-,ыми,шестисот
семьсот,kolich,-,-,im,-,-,-,семьсот
семисот,kolich,-,-,rod,-,-,-,семисот
семистам,kolich,-,-,dat,-,-,ам,семист
семьюстами,kolich,-,-,tvor,-,-,ами,семьюст
семистах,kolich,-,-,predl,-,-,ах,семист
семисотый,poryad,m,s,im,-,-,ый,семисот
семисотого,poryad,-,s,rod,-,-,ого,семисот
семисотому,poryad,-,s,dat,-,-,ому,семисот
семисотым,poryad,-,-,tvor,-,-,ым,семисот
семисотом,poryad,-,s,predl,-,-,ом,семисот
семисотая,poryad,f,s,im,-,-,ая,семисот
семисотой,poryad,f,s,rod,-,-,ой,семисот
семисотую,poryad,f,s,vin,-,-,ую,семисот
семисотое,poryad,s,s,im,-,-,ое,семисот
семисотые,poryad,-,pl,im,-,-,ые,семисот
семисотых,poryad,-,pl,rod,-,-,ых,семисот
семисотыми,poryad,-,pl,tvor,-,-,ыми,семисот
восемьсот,kolich,-,-,im,-,-,-,восемьсот
восьмисот,kolich,-,-,rod,-,-,-,восемисот
восьмистам,kolich,-,-,dat,-,-,ам,восьмист
восемьюстами,kolich,-,-,tvor,-,-,ами,восемьюст
восьмьюстами,kolich,-,-,tvor,-,-,ами,восьмьюст
восьмистах,kolich,-,-,predl,-,-,ах,восьмист
восьмисотый,poryad,m,s,im,-,-,ый,восьмисот
восьмисотого,poryad,-,s,rod,-,-,ого,восьмисот
восьмисотому,poryad,-,s,dat,-,-,ому,восьмисот
восьмисотым,poryad,-,-,tvor,-,-,ым,восьмисот
восьмисотом,poryad,-,s,predl,-,-,ом,восьмисот
восьмисотая,poryad,f,s,im,-,-,ая,восьмисот
восьмисотой,poryad,f,s,rod,-,-,ой,восьмисот
восьмисотую,poryad,f,s,vin,-,-,ую,восьмисот
восьмисотое,poryad,s,s,im,-,-,ое,восьмисот
восьмисотые,poryad,-,pl,im,-,-,ые,восьмисот
восьмисотых,poryad,-,pl,rod,-,-,ых,восьмисот
восьмисотыми,poryad,-,pl,tvor,-,-,ыми,восьмисот
девятьсот,kolich,-,-,im,-,-,-,девятьсот
девятисот,kolich,-,-,rod,-,-,-,девятисот
девятистам,kolich,-,-,dat,-,-,ам,девятист
девятьюстами,kolich,-,-,tvor,-,-,ами,девятьюст
девятистах,kolich,-,-,predl,-,-,ах,девятист
девятисотый,poryad,m,s,im,-,-,ый,девятисот
девятисотого,poryad,-,s,rod,-,-,ого,девятисот
девятисотому,poryad,-,s,dat,-,-,ому,девятисот
девятисотым,poryad,-,-,tvor,-,-,ым,девятисот
девятисотом,poryad,-,s,predl,-,-,ом,девятисот
девятисотая,poryad,f,s,im,-,-,ая,девятисот
девятисотой,poryad,f,s,rod,-,-,ой,девятисот
девятисотую,poryad,f,s,vin,-,-,ую,девятисот
девятисотое,poryad,s,s,im,-,-,ое,девятисот
девятисотые,poryad,-,pl,im,-,-,ые,девятисот
девятисотых,poryad,-,pl,rod,-,-,ых,девятисот
девятисотыми,poryad,-,pl,tvor,-,-,ыми,девятисот
тысяча,kolich,f,s,im,-,-,а,тысяч
тысячи,kolich,-,-,rod,-,-,и,тысяч
тысяче,kolich,f,s,dat,-,-,е,тысяч
тысячу,kolich,f,s,vin,-,-,у,тысяч
тысячей,kolich,f,s,tvor,-,-,ей,тысяч
тысяч,kolich,-,pl,rod,-,-,-,тысяч
тысячам,kolich,-,pl,dat,-,-,ам,тысяч
тысячами,kolich,-,pl,tvor,-,-,ами,тысяч
тысячах,kolich,-,pl,predl,-,-,ах,тысяч
тысячный,poryad,m,s,im,н,-,ый,тысяч
тысячного,poryad,-,s,rod,н,-,ого,тысяч
тысячному,poryad,-,s,dat,н,-,ому,тысяч
тысячным,poryad,-,-,tvor,н,-,ым,тысяч
тысячном,poryad,-,s,predl,н,-,ом,тысяч
тысячная,poryad,f,s,im,н,-,ая,тысяч
тысячной,poryad,f,s,rod,н,-,ой,тысяч
тысячную,poryad,f,s,vin,н,-,ую,тысяч
тысячное,poryad,s,s,im,н,-,ое,тысяч
тысячные,poryad,-,pl,im,н,-,ые,тысяч
тысячных,poryad,-,pl,rod,н,-,ых,тысяч
тысячными,poryad,-,pl,tvor,н,-,ыми,тысяч
миллион,kolich,m,s,im,-,-,-,миллион
миллиона,kolich,m,s,rod,-,-,а,миллион
миллиону,kolich,m,s,dat,-,-,у,миллион
миллионом,kolich,m,s,tvor,-,-,ом,миллион
миллионе,kolich,m,s,predl,-,-,е,миллион
миллионы,kolich,-,pl,im,-,-,ы,миллион
миллионов,kolich,-,pl,rod,-,-,ов,миллион
миллионам,kolich,-,pl,dat,-,-,ам,миллион
миллионами,kolich,-,pl,tvor,-,-,ами,миллион
миллионах,kolich,-,pl,predl,-,-,ах,миллион
миллионный,poryad,m,s,im,н,-,ый,миллион
миллионного,poryad,-,s,rod,н,-,ого,миллион
миллионному,poryad,-,s,dat,н,-,ому,миллион
миллионным,poryad,-,-,tvor,н,-,ым,миллион
миллионном,poryad,-,s,predl,н,-,ом,миллион
миллионная,poryad,f,s,im,н,-,ая,миллион
миллионной,poryad,f,s,rod,н,-,ой,миллион
миллионную,poryad,f,s,vin,н,-,ую,миллион
миллионное,poryad,s,s,im,н,-,ое,миллион
миллионные,poryad,-,pl,im,н,-,ые,миллион
миллионных,poryad,-,pl,rod,н,-,ых,миллион
миллионными,poryad,-,pl,tvor,н,-,ыми,миллион
миллиард,kolich,m,s,im,-,-,-,миллиард
миллиарда,kolich,m,s,rod,-,-,а,миллиард
миллиарду,kolich,m,s,dat,-,-,у,миллиард
миллиардом,kolich,m,s,tvor,-,-,ом,миллиард
миллиарде,kolich,m,s,predl,-,-,е,миллиард
миллиарды,kolich,-,pl,im,-,-,ы,миллиард
миллиардов,kolich,-,pl,rod,-,-,ов,миллиард
миллиардам,kolich,-,pl,dat,-,-,ам,миллиард
миллиардами,kolich,-,pl,tvor,-,-,ами,миллиард
миллиардах,kolich,-,pl,predl,-,-,ах,миллиард
миллиардный,poryad,m,s,im,н,-,ый,миллиард
миллиардного,poryad,-,s,rod,н,-,ого,миллиард
миллиардному,poryad,-,s,dat,н,-,ому,миллиард
миллиардным,poryad,-,-,tvor,н,-,ым,миллиард
миллиардном,poryad,-,s,predl,н,-,ом,миллиард
миллиардная,poryad,f,s,im,н,-,ая,миллиард
миллиардной,poryad,f,s,rod,н,-,ой,миллиард
миллиардную,poryad,f,s,vin,н,-,ую,миллиард
миллиардное,poryad,s,s,im,н,-,ое,миллиард
миллиардные,poryad,-,pl,im,н,-,ые,миллиард
миллиардных,poryad,-,pl,rod,н,-,ых,миллиард
миллиардными,poryad,-,pl,tvor,н,-,ыми,миллиард
